{
    "acm.org": {
        "ipv4_addresses": [
            "104.17.79.30",
            "104.17.78.30"
        ],
        "scan_time": 1773278171.8145313
    },
    "amazon.com": {
        "ipv4_addresses": [
            "98.87.170.71",
            "98.87.170.74",
            "98.82.161.185"
        ],
        "scan_time": 1773278076.8457348
    },
    "cra.org": {
        "ipv4_addresses": [
            "54.242.59.162"
        ],
        "scan_time": 1773278176.616382
    },
    "ebpf.io": {
        "ipv4_addresses": [
            "104.26.5.27",
            "104.26.4.27",
            "2606:4700:20::ac43:47eb",
            "2606:4700:20::681a:51b",
            "2606:4700:20::681a:41b",
            "172.67.71.235"
        ],
        "scan_time": 1773278211.6797972
    },
    "en.wikipedia.org": {
        "ipv4_addresses": [
            "185.15.58.224",
            "208.80.153.224",
            "2a02:ec80:600:ed1a::1",
            "2620:0:861:ed1a::1",
            "208.80.154.224",
            "2620:0:860:ed1a::1"
        ],
        "scan_time": 1773278071.9565482
    },
    "fandom.com": {
        "ipv4_addresses": [
            "172.66.2.166",
            "162.159.142.170"
        ],
        "scan_time": 1773278096.9004602
    },
    "ieee.org": {
        "ipv4_addresses": [
            "140.98.193.152"
        ],
        "scan_time": 1773278183.6975834
    },
    "illinois.edu": {
        "ipv4_addresses": [
            "64.236.243.124",
            "2a01:111:f100:1002::4134:dc6d"
        ],
        "scan_time": 1773278162.3712854
    },
    "imdb.com": {
        "ipv4_addresses": [
            "98.82.155.134",
            "98.82.158.179",
            "44.215.137.99"
        ],
        "scan_time": 1773278092.2832685
    },
    "instagram.com": {
        "ipv4_addresses": [
            "57.144.194.34",
            "157.240.234.174",
            "2a03:2880:f27b:e1:face:b00c:0:4420",
            "57.144.172.34",
            "157.240.202.174",
            "157.240.26.174",
            "2a03:2880:f366:22:face:b00c:0:4420",
            "57.144.174.34",
            "2a03:2880:f234:1e5:face:b00c:0:4420",
            "2a03:2880:f356:22:face:b00c:0:4420",
            "2a03:2880:f357:22:face:b00c:0:4420",
            "2a03:2880:f27b:1e4:face:b00c:0:4420",
            "57.144.68.34",
            "2a03:2880:f22c:1e5:face:b00c:0:4420",
            "2a03:2880:f23a:e5:face:b00c:0:4420",
            "157.240.254.174"
        ],
        "scan_time": 1773278110.8478668
    },
    "kellogg.northwestern.edu": {
        "ipv4_addresses": [
            "13.107.253.51",
            "13.107.213.38",
            "13.107.246.38",
            "13.107.213.40",
            "13.107.246.40",
            "13.107.226.51"
        ],
        "scan_time": 1773278146.22051
    },
    "kernel.org": {
        "ipv4_addresses": [
            "2600:3c04:e001:324:0:1991:8:25",
            "172.105.4.254"
        ],
        "scan_time": 1773278206.9056072
    },
    "lab.senlin.dev": {
        "ipv4_addresses": [
            "2606:4700:3037::6815:3c8e",
            "104.21.60.142",
            "188.114.96.2",
            "2606:4700:3033::ac43:c583",
            "2a06:98c1:3121::2",
            "172.67.197.131",
            "2a06:98c1:3120::2",
            "188.114.97.2"
        ],
        "scan_time": 1773278129.975224
    },
    "lwn.net": {
        "ipv4_addresses": [
            "2600:3c03::f03c:93ff:febd:80f5",
            "173.255.236.65"
        ],
        "scan_time": 1773278188.5973701
    },
    "mccormick.northwestern.edu": {
        "ipv4_addresses": [
            "165.124.149.20"
        ],
        "scan_time": 1773278141.5605035
    },
    "networks.cs.northwestern.edu": {
        "ipv4_addresses": [
            "165.124.184.154"
        ],
        "scan_time": 1773278136.8443215
    },
    "news.ycombinator.com": {
        "ipv4_addresses": [
            "209.216.230.207",
            "2606:7100:1:67::26"
        ],
        "scan_time": 1773278195.5465846
    },
    "northwestern.edu": {
        "ipv4_addresses": [
            "2620:10d:2060:1130::11",
            "129.105.136.48"
        ],
        "scan_time": 1773278120.1649394
    },
    "one.one.one.one": {
        "ipv4_addresses": [
            "2606:4700:4700::1111",
            "2606:4700:4700::1001",
            "1.0.0.1",
            "1.1.1.1"
        ],
        "scan_time": 1773278218.7803228
    },
    "pinterest.com": {
        "ipv4_addresses": [
            "151.101.192.84",
            "151.101.0.84",
            "151.101.128.84",
            "151.101.64.84"
        ],
        "scan_time": 1773278101.4812808
    },
    "reddit.com": {
        "ipv4_addresses": [
            "151.101.65.140",
            "2a04:4e42:600::396",
            "2a04:4e42:200::396",
            "151.101.129.140",
            "151.101.193.140",
            "151.101.1.140",
            "2a04:4e42:400::396",
            "2a04:4e42::396"
        ],
        "scan_time": 1773278202.3379326
    },
    "rust-lang.org": {
        "ipv4_addresses": [
            "185.199.108.153",
            "185.199.109.153",
            "2606:50c0:8002::153",
            "185.199.110.153",
            "185.199.111.153",
            "2606:50c0:8003::153",
            "2606:50c0:8000::153",
            "2606:50c0:8001::153"
        ],
        "scan_time": 1773278230.0177076
    },
    "senlin.dev": {
        "ipv4_addresses": [
            "185.199.108.153",
            "185.199.109.153",
            "2606:50c0:8002::153",
            "2606:50c0:8003::153",
            "185.199.111.153",
            "185.199.110.153",
            "2606:50c0:8000::153",
            "2606:50c0:8001::153"
        ],
        "scan_time": 1773278125.082641
    },
    "stackoverflow.com": {
        "ipv4_addresses": [
            "198.252.206.1"
        ],
        "scan_time": 1773278223.3746421
    },
    "stevetarzia.com": {
        "ipv4_addresses": [
            "3.143.61.245"
        ],
        "scan_time": 1773278167.0219905
    },
    "tripadvisor.com": {
        "ipv4_addresses": [
            "18.155.129.92",
            "18.238.136.116",
            "3.166.96.101",
            "108.138.128.2",
            "18.155.129.51",
            "18.155.129.22",
            "3.166.96.38",
            "18.238.136.75",
            "18.172.134.6",
            "18.160.102.33",
            "3.166.96.30",
            "18.172.134.62",
            "18.160.102.65",
            "18.238.136.112",
            "3.166.96.105",
            "18.161.111.126",
            "18.161.111.71",
            "18.161.111.128",
            "18.155.129.65",
            "108.138.128.67",
            "108.138.128.62",
            "18.238.136.96",
            "18.160.102.115",
            "18.172.134.16",
            "18.172.134.33",
            "18.161.111.115",
            "18.160.102.99",
            "108.138.128.94"
        ],
        "scan_time": 1773278106.1199574
    },
    "uchicago.edu": {
        "ipv4_addresses": [
            "3.215.148.80"
        ],
        "scan_time": 1773278157.6144261
    },
    "users.cs.northwestern.edu": {
        "ipv4_addresses": [
            "129.105.44.20"
        ],
        "scan_time": 1773278150.9676416
    },
    "walmart.com": {
        "ipv4_addresses": [
            "23.14.92.189",
            "23.220.108.174",
            "2.20.168.189",
            "23.62.104.193",
            "23.54.40.175"
        ],
        "scan_time": 1773278115.5226254
    },
    "yelp.com": {
        "ipv4_addresses": [
            "151.101.248.116",
            "146.75.76.116",
            "146.75.80.116",
            "151.101.120.116",
            "146.75.28.116",
            "199.232.36.116"
        ],
        "scan_time": 1773278081.3743985
    },